"ID","Name","Category"
"BB1","ELEGOO 400-point breadboard","component"
"U1","Teyleten ESP32-C3 with headers","component"
"DISP1","Hosyond SSD1306 OLED","component"
"SW1","Chanzon left switch","component"
"SW2","Chanzon right switch","component"
"BAT1","EEMB protected 250mAh battery","component"
"PWR2","Power module mechanical study","component"
"J1","Battery connector","component"
"PWR1","Power switch mechanical study","component"
"CASE_BASE","Snap base and breadboard tray","printed"
"CASE_CARRIER","Captured electronics tray","printed"
"CASE_COVER","Snap lid with integral component clips","printed"
"CAP1","Left button","printed"
"CAP2","Right button","printed"
"W01","OLED 3V3","wire"
"W02","OLED GND","wire"
"W03","OLED SDA","wire"
"W04","OLED SCL","wire"
"W05","Button 1 input","wire"
"W06","Button 1 ground","wire"
"W07","Button 2 input","wire"
"W08","Button 2 ground","wire"
"BAT_W0","Battery connector lead","wire"
"BAT_W1","Battery connector lead","wire"
